{
  "my_best_params": {
    "max_depth": 6,
    "max_features": 0.5,
    "min_samples_leaf": 1,
    "min_samples_split": 2,
    "n_estimators": 100
  },
  "my_oob": 0.8370786516853933,
  "my_metrics": {
    "model": "My RandomForest",
    "accuracy": 0.8156424581005587,
    "precision": 0.86,
    "recall": 0.6231884057971014,
    "f1": 0.7226890756302521
  },
  "my_train_time": 37.9367911000154,
  "my_feature_importances_oob": {
    "Sex": 0.1952247191011236,
    "Pclass": 0.0814606741573034,
    "Age": 0.0716292134831461,
    "Fare": 0.018258426966292207,
    "CabinDeck": 0.0098314606741573,
    "Parch": 0.001404494382022503,
    "Embarked": -0.001404494382022392,
    "SibSp": -0.002808988764044895
  },
  "sklearn_best_params": {
    "max_depth": null,
    "max_features": "sqrt",
    "min_samples_leaf": 2,
    "min_samples_split": 2,
    "n_estimators": 100
  },
  "sklearn_oob": 0.8342696629213483,
  "sklearn_metrics": {
    "model": "Sklearn RandomForestClassifier",
    "accuracy": 0.8100558659217877,
    "precision": 0.8301886792452831,
    "recall": 0.6376811594202898,
    "f1": 0.7213114754098361
  },
  "sklearn_train_time": 5.7942110000003595
}